Link Name,Center of Mass X,Center of Mass Y,Center of Mass Z,Center of Mass Roll,Center of Mass Pitch,Center of Mass Yaw,Mass,Moment Ixx,Moment Ixy,Moment Ixz,Moment Iyy,Moment Iyz,Moment Izz,Visual X,Visual Y,Visual Z,Visual Roll,Visual Pitch,Visual Yaw,Mesh Filename,Color Red,Color Green,Color Blue,Color Alpha,Collision X,Collision Y,Collision Z,Collision Roll,Collision Pitch,Collision Yaw,Collision Mesh Filename,Material Name,SW Components,Coordinate System,Axis Name,Joint Name,Joint Type,Joint Origin X,Joint Origin Y,Joint Origin Z,Joint Origin Roll,Joint Origin Pitch,Joint Origin Yaw,Parent,Joint Axis X,Joint Axis Y,Joint Axis Z,Limit Effort,Limit Velocity,Limit Lower,Limit Upper,Calibration rising,Calibration falling,Dynamics Damping,Dynamics Friction,Safety Soft Upper,Safety Soft Lower,Safety K Position,Safety K Velocity
base_link,-0.0598893430300278,0.00158270648081169,-0.000121136868490832,0,0,0,0.0556275033895707,2.49950041605433E-05,1.27338810372926E-06,1.27175531802948E-06,3.31543651634603E-05,4.65327956822343E-07,5.13224795287908E-05,0,0,0,0,0,0,package://rohand_gen2_urdf_ros2/meshes_l/base_link.STL,0.792156862745098,0.819607843137255,0.933333333333333,1,0,0,0,0,0,0,package://rohand_gen2_urdf_ros2/meshes_l/base_link.STL,,ROHand-AP-LEFT-for wanghang.STEP-1/1.0302.0000035 手掌上壳.STEP-1;ROHand-AP-LEFT-for wanghang.STEP-1/1.0301.0000048 手腕件.STEP-1;ROHand-AP-LEFT-for wanghang.STEP-1/1.0401.0000035 背板.STEP-1;ROHand-AP-LEFT-for wanghang.STEP-1/1.0302.0000036 手掌下壳.STEP-1;ROHand-AP-LEFT-for wanghang.STEP-1/1.0302.0000046 手腕连接件.STEP-1;ROHand-AP-LEFT-for wanghang.STEP-1/方案四-左手大拇指组件_张开.STEP-1/大拇指电机箱.STEP-1/大拇指旋转电机箱-上壳-六电机左.STEP-1;ROHand-AP-LEFT-for wanghang.STEP-1/方案四-左手大拇指组件_张开.STEP-1/大拇指电机箱.STEP-1/大拇指旋转电机箱-下壳-六电机左.STEP-1;ROHand-AP-LEFT-for wanghang.STEP-1/六轴力控灵巧手-小指组件-V2_丝杆最大行程.STEP-1/力控灵巧手-小指组件_正常.STEP-1/1.0302.0000020 四指底座.STEP-1;ROHand-AP-LEFT-for wanghang.STEP-1/六轴力控灵巧手-食指无名指组件-V2_丝杆最大行程.STEP-1/食指无名指组件_无名指.STEP-1/1.0302.0000020 四指底座.STEP-1;ROHand-AP-LEFT-for wanghang.STEP-1/六轴力控灵巧手-中指组件-V2_丝杆最大行程.STEP-1/方案四-中指装配体（压力传感器）_带压力传感器.STEP-1/1.0302.0000020 四指底座.STEP-1;ROHand-AP-LEFT-for wanghang.STEP-1/六轴力控灵巧手-食指无名指组件-V2_丝杆最大行程.STEP-2/食指无名指组件_无名指.STEP-1/1.0302.0000020 四指底座.STEP-1,base_joint,,,,0,0,0,0,0,0,,0,0,0,,,,,,,,,,,,
if_slider_link,-0.0138798261687736,-1.63409975148521E-06,1.56270413966333E-06,0,0,0,0.000489121771249986,4.370139384762E-09,7.06571113144488E-12,-1.07232864031138E-11,3.84653443316186E-08,7.09192685575601E-11,3.92709222469408E-08,0,0,0,0,0,0,package://rohand_gen2_urdf_ros2/meshes_l/if_slider_link.STL,0.792156862745098,0.819607843137255,0.933333333333333,1,0,0,0,0,0,0,package://rohand_gen2_urdf_ros2/meshes_l/if_slider_link.STL,,ROHand-AP-LEFT-for wanghang.STEP-1/六轴力控灵巧手-食指无名指组件-V2_丝杆最大行程.STEP-2/四指齿轮箱电机组件_丝杆最大行程-1.STEP-1/0004^_9090610001_ASM__0001_ASM_R-241127(2)_R-241127.STEP-1,if_slider_joint,if_slider_axis,if_slider_link,prismatic,-0.074388,0.026652,-0.009751,0,0,-0.083036,base_link,1,0,0,0,0,0,0.019,,,,,,,,
if_slider_abpart_link,-0.0105388475535051,-0.00349917028494312,-0.000539137690977614,0,0,0,0.000420484116155222,1.76368054774551E-09,1.07634598493537E-14,-7.09975808646362E-10,5.75814101151068E-09,4.93512397675637E-15,6.21834665938993E-09,0,0,0,0,0,0,package://rohand_gen2_urdf_ros2/meshes_l/if_slider_abpart_link.STL,1,1,1,1,0,0,0,0,0,0,package://rohand_gen2_urdf_ros2/meshes_l/if_slider_abpart_link.STL,,12-1/_X2_7535673a8fde67468f6c8f74_X0_-1;12-1/_6-R-231011--726080001^_20001_ASM__9090610001_ASM__0001_ASM_R-241127(2)_R-241127-1;12-1/_X2_82b1952e8f74_X0_-1;12-1/_STEP0001^_9090610001_ASM__0001_ASM_R-241127(2)_R-241127-1;12-1/_X2_56db63078fde63a54ef6_X0_A-1,if_slider_abpart_joint,if_slider_abpart_axis,if_slider_abpart_link,continuous,-0.029,0.0034859,-0.00030434,-0.087248,-0.0072243,0.0006319,if_slider_link,0,1,0,,,,,,,,,,,,
if_proximal_link,-0.0175140448638131,-0.00710044451763348,-0.0021340861272751,0,0,0,0.00193519028805872,1.03940233353317E-07,-1.03365620758552E-11,1.27422660090348E-08,2.32561269712758E-07,-1.62211930568835E-12,2.36271452872982E-07,0,0,0,0,0,0,package://rohand_gen2_urdf_ros2/meshes_l/if_proximal_link.STL,0.792156862745098,0.819607843137255,0.933333333333333,1,0,0,0,0,0,0,package://rohand_gen2_urdf_ros2/meshes_l/if_proximal_link.STL,,ROHand-AP-LEFT-for wanghang.STEP-1/六轴力控灵巧手-食指无名指组件-V2_丝杆最大行程.STEP-2/食指无名指组件_无名指.STEP-1/1.0302.0000021 食指中段.STEP-1,if_proximal_joint,if_proximal_axis,if_proximal_link,continuous,-0.1124,0.037665,-0.0018024,-0.087248,-0.0072243,-0.082404,base_link,0,1,0,,,,,,,,,,,,
if_distal_link,-0.0216633283077257,-0.00711560309930698,-0.00711907576465214,0,0,0,0.00606060335159451,2.69279757341436E-07,-6.25072148244773E-10,-3.49035523733027E-07,1.14783910667898E-06,-8.57695095976865E-11,1.03262931906131E-06,0,0,0,0,0,0,package://rohand_gen2_urdf_ros2/meshes_l/if_distal_link.STL,0.792156862745098,0.819607843137255,0.933333333333333,1,0,0,0,0,0,0,package://rohand_gen2_urdf_ros2/meshes_l/if_distal_link.STL,,ROHand-AP-LEFT-for wanghang.STEP-1/六轴力控灵巧手-食指无名指组件-V2_丝杆最大行程.STEP-2/食指无名指组件_无名指.STEP-1/1.0301.0000034 销轴.STEP-2;ROHand-AP-LEFT-for wanghang.STEP-1/六轴力控灵巧手-食指无名指组件-V2_丝杆最大行程.STEP-2/食指无名指组件_无名指.STEP-1/1.0306.0000006 C型卡簧.STEP-4;ROHand-AP-LEFT-for wanghang.STEP-1/六轴力控灵巧手-食指无名指组件-V2_丝杆最大行程.STEP-2/食指无名指组件_无名指.STEP-1/1.0301.0000035 销轴.STEP-1;ROHand-AP-LEFT-for wanghang.STEP-1/六轴力控灵巧手-食指无名指组件-V2_丝杆最大行程.STEP-2/食指无名指组件_无名指.STEP-1/1.0301.0000014 轴套.STEP-10;ROHand-AP-LEFT-for wanghang.STEP-1/六轴力控灵巧手-食指无名指组件-V2_丝杆最大行程.STEP-2/食指无名指组件_无名指.STEP-1/1.0301.0000014 轴套.STEP-9;ROHand-AP-LEFT-for wanghang.STEP-1/六轴力控灵巧手-食指无名指组件-V2_丝杆最大行程.STEP-2/食指无名指组件_无名指.STEP-1/1.0306.0000006 C型卡簧.STEP-2;ROHand-AP-LEFT-for wanghang.STEP-1/六轴力控灵巧手-食指无名指组件-V2_丝杆最大行程.STEP-2/食指无名指组件_无名指.STEP-1/食指无名指中指指尖组件-V2.STEP-1/食指指尖-底座-V2-20250313-2.STEP-1;ROHand-AP-LEFT-for wanghang.STEP-1/六轴力控灵巧手-食指无名指组件-V2_丝杆最大行程.STEP-2/食指无名指组件_无名指.STEP-1/食指无名指中指指尖组件-V2.STEP-1/中指硅胶套-无指甲.STEP-1;ROHand-AP-LEFT-for wanghang.STEP-1/六轴力控灵巧手-食指无名指组件-V2_丝杆最大行程.STEP-2/食指无名指组件_无名指.STEP-1/食指无名指中指指尖组件-V2.STEP-1/1.0401.0000032 食指指尖上盖.STEP-1,if_distal_joint,if_distal_axis,if_distal_link,continuous,-0.035842,0,-0.0023622,0,0,0,if_proximal_link,0,1,0,,,,,,,,,,,,
if_connecting_link,-0.0151010853330651,-0.00440000674510219,-0.00767252595733173,0,0,0,0.000200341201168535,4.93599937155989E-09,2.50110659785052E-22,-9.91569202916332E-09,2.67058367602193E-08,8.72055160784029E-22,2.17912071167841E-08,0,0,0,0,0,0,package://rohand_gen2_urdf_ros2/meshes_l/if_connecting_link.STL,0.792156862745098,0.819607843137255,0.933333333333333,1,0,0,0,0,0,0,package://rohand_gen2_urdf_ros2/meshes_l/if_connecting_link.STL,,ROHand-AP-LEFT-for wanghang.STEP-1/六轴力控灵巧手-食指无名指组件-V2_丝杆最大行程.STEP-2/食指无名指组件_无名指.STEP-1/1.0306.0000009 食指连杆.STEP-2;ROHand-AP-LEFT-for wanghang.STEP-1/六轴力控灵巧手-食指无名指组件-V2_丝杆最大行程.STEP-2/食指无名指组件_无名指.STEP-1/1.0306.0000009 食指连杆.STEP-1,if_connecting_joint,if_connecting_axis,if_connecting_link,continuous,-0.11999,0.035982,0.0028163,-0.087248,-0.0072243,-0.082404,base_link,0,1,0,,,,,,,,,,,,
mf_slider_link,-0.013879738947006,-1.74897052737655E-06,1.40815508845385E-06,0,0,0,0.000489119216361822,4.37013728212438E-09,8.09553980810116E-12,-1.01030547668162E-11,3.84584635162927E-08,-4.54664355226095E-14,3.92763952727526E-08,0,0,0,0,0,0,package://rohand_gen2_urdf_ros2/meshes_l/mf_slider_link.STL,0.792156862745098,0.819607843137255,0.933333333333333,1,0,0,0,0,0,0,package://rohand_gen2_urdf_ros2/meshes_l/mf_slider_link.STL,,ROHand-AP-LEFT-for wanghang.STEP-1/六轴力控灵巧手-中指组件-V2_丝杆最大行程.STEP-1/四指齿轮箱电机组件_丝杆最大行程-2.STEP-1/0004^_9090610001_ASM__0001_ASM_R-241127(2)_R-241127.STEP-1,mf_slider_joint,mf_slider_axis,mf_slider_link,prismatic,-0.076966,0.010074,-0.0054828,0,-4.7445E-05,-0.013233,base_link,1,0,0,0,0,0,0.019,,,,,,,,
mf_slider_abpart_link,-0.0105343614474077,-0.00349998169282451,-0.000626801144449402,0,0,0,0.000420507611933596,1.77591171959881E-09,2.18465118929228E-14,-7.46901101885596E-10,5.75823388134478E-09,-4.72877750426105E-15,6.2064243581891E-09,0,0,0,0,0,0,package://rohand_gen2_urdf_ros2/meshes_l/mf_slider_abpart_link.STL,0.792156862745098,0.819607843137255,0.933333333333333,1,0,0,0,0,0,0,package://rohand_gen2_urdf_ros2/meshes_l/mf_slider_abpart_link.STL,,ROHand-AP-LEFT-for wanghang.STEP-1/六轴力控灵巧手-中指组件-V2_丝杆最大行程.STEP-1/四指齿轮箱电机组件_丝杆最大行程-2.STEP-1/0003_ASM^_9090610001_ASM__0001_ASM_R-241127(2)_R-241127.STEP-1/花键轴.STEP-1;ROHand-AP-LEFT-for wanghang.STEP-1/六轴力控灵巧手-中指组件-V2_丝杆最大行程.STEP-1/四指齿轮箱电机组件_丝杆最大行程-2.STEP-1/_STEP0001^_9090610001_ASM__0001_ASM_R-241127(2)_R-241127.STEP-1;ROHand-AP-LEFT-for wanghang.STEP-1/六轴力控灵巧手-中指组件-V2_丝杆最大行程.STEP-1/四指齿轮箱电机组件_丝杆最大行程-2.STEP-1/_20001_ASM^_9090610001_ASM__0001_ASM_R-241127(2)_R-241127.STEP-1/电机连杆转轴.STEP-1;ROHand-AP-LEFT-for wanghang.STEP-1/六轴力控灵巧手-中指组件-V2_丝杆最大行程.STEP-1/四指齿轮箱电机组件_丝杆最大行程-2.STEP-1/_20001_ASM^_9090610001_ASM__0001_ASM_R-241127(2)_R-241127.STEP-1/_6-R-231011--726080001^_20001_ASM__9090610001_ASM__0001_ASM_R-241127(2)_R-241127.STEP-1;ROHand-AP-LEFT-for wanghang.STEP-1/六轴力控灵巧手-中指组件-V2_丝杆最大行程.STEP-1/四指齿轮箱电机组件_丝杆最大行程-2.STEP-1/0003_ASM^_9090610001_ASM__0001_ASM_R-241127(2)_R-241127.STEP-1/四指连接件A.STEP-1,mf_slider_abpart_joint,mf_slider_abpart_axis,mf_slider_abpart_link,continuous,-0.029,0.0034992,0,-5.1711E-05,4.6769E-05,0,mf_slider_link,0,1,0,,,,,,,,,,,,
mf_proximal_link,-0.0195726069209327,-0.00709993798307246,-0.0025925009808324,0,0,0,0.00237722144967564,1.38350918039604E-07,3.97589496119107E-12,1.62917114105389E-08,3.62213150878017E-07,-4.71018831231994E-13,3.53062757955048E-07,0,0,0,0,0,0,package://rohand_gen2_urdf_ros2/meshes_l/mf_proximal_link.STL,0.792156862745098,0.819607843137255,0.933333333333333,1,0,0,0,0,0,0,package://rohand_gen2_urdf_ros2/meshes_l/mf_proximal_link.STL,,ROHand-AP-LEFT-for wanghang.STEP-1/六轴力控灵巧手-中指组件-V2_丝杆最大行程.STEP-1/方案四-中指装配体（压力传感器）_带压力传感器.STEP-1/1.0302.0000022 中指中段.STEP-1,mf_proximal_joint,mf_proiximal_axis,mf_proximal_link,continuous,-0.11567,0.017687,0.0031149,-5.1083E-05,0,-0.013233,base_link,0,1,0,,,,,,,,,,,,
mf_distal_link,-0.0222974016366708,-0.00711558403314083,-0.00477681256742756,0,0,0,0.00606061622476954,2.04134343687428E-07,-6.30322389240146E-10,-2.6048594906679E-07,1.1478347378536E-06,-2.06612639823312E-11,1.09777031784971E-06,0,0,0,0,0,0,package://rohand_gen2_urdf_ros2/meshes_l/mf_distal_link.STL,0.792156862745098,0.819607843137255,0.933333333333333,1,0,0,0,0,0,0,package://rohand_gen2_urdf_ros2/meshes_l/mf_distal_link.STL,,ROHand-AP-LEFT-for wanghang.STEP-1/六轴力控灵巧手-中指组件-V2_丝杆最大行程.STEP-1/方案四-中指装配体（压力传感器）_带压力传感器.STEP-1/1.0301.0000034 销轴.STEP-2;ROHand-AP-LEFT-for wanghang.STEP-1/六轴力控灵巧手-中指组件-V2_丝杆最大行程.STEP-1/方案四-中指装配体（压力传感器）_带压力传感器.STEP-1/1.0306.0000006 C型卡簧.STEP-4;ROHand-AP-LEFT-for wanghang.STEP-1/六轴力控灵巧手-中指组件-V2_丝杆最大行程.STEP-1/方案四-中指装配体（压力传感器）_带压力传感器.STEP-1/1.0306.0000006 C型卡簧.STEP-3;ROHand-AP-LEFT-for wanghang.STEP-1/六轴力控灵巧手-中指组件-V2_丝杆最大行程.STEP-1/方案四-中指装配体（压力传感器）_带压力传感器.STEP-1/1.0301.0000014 轴套.STEP-9;ROHand-AP-LEFT-for wanghang.STEP-1/六轴力控灵巧手-中指组件-V2_丝杆最大行程.STEP-1/方案四-中指装配体（压力传感器）_带压力传感器.STEP-1/1.0301.0000014 轴套.STEP-8;ROHand-AP-LEFT-for wanghang.STEP-1/六轴力控灵巧手-中指组件-V2_丝杆最大行程.STEP-1/方案四-中指装配体（压力传感器）_带压力传感器.STEP-1/1.0301.0000035 销轴.STEP-2;ROHand-AP-LEFT-for wanghang.STEP-1/六轴力控灵巧手-中指组件-V2_丝杆最大行程.STEP-1/方案四-中指装配体（压力传感器）_带压力传感器.STEP-1/食指无名指中指指尖组件-V2.STEP-1/食指指尖-底座-V2-20250313-2.STEP-1;ROHand-AP-LEFT-for wanghang.STEP-1/六轴力控灵巧手-中指组件-V2_丝杆最大行程.STEP-1/方案四-中指装配体（压力传感器）_带压力传感器.STEP-1/食指无名指中指指尖组件-V2.STEP-1/1.0401.0000032 食指指尖上盖.STEP-1;ROHand-AP-LEFT-for wanghang.STEP-1/六轴力控灵巧手-中指组件-V2_丝杆最大行程.STEP-1/方案四-中指装配体（压力传感器）_带压力传感器.STEP-1/食指无名指中指指尖组件-V2.STEP-1/中指硅胶套-无指甲.STEP-1,mf_distal_joint,mf_distal_axis,mf_distal_link,continuous,-0.040918,0,-0.0027058,0,0,0,mf_proximal_link,0,1,0,,,,,,,,,,,,
mf_connecting_link,-0.0178219448735733,-0.00440000679587479,-0.00781642890952098,0,0,0,0.000215108931947231,5.12266479684199E-09,-2.30231599132434E-16,-1.23169151647663E-08,3.73207495269829E-08,-1.76315646093205E-17,3.22210301621937E-08,0,0,0,0,0,0,package://rohand_gen2_urdf_ros2/meshes_l/mf_connecting_link.STL,0.792156862745098,0.819607843137255,0.933333333333333,1,0,0,0,0,0,0,package://rohand_gen2_urdf_ros2/meshes_l/mf_connecting_link.STL,,ROHand-AP-LEFT-for wanghang.STEP-1/六轴力控灵巧手-中指组件-V2_丝杆最大行程.STEP-1/方案四-中指装配体（压力传感器）_带压力传感器.STEP-1/1.0306.0000008 中指连杆.STEP-2;ROHand-AP-LEFT-for wanghang.STEP-1/六轴力控灵巧手-中指组件-V2_丝杆最大行程.STEP-1/方案四-中指装配体（压力传感器）_带压力传感器.STEP-1/1.0306.0000008 中指连杆.STEP-1,mf_connecting_joint,mf_connecting_axis,mf_connecting_link,continuous,-0.12312,0.015086,0.0075148,-5.1083E-05,0,-0.013233,base_link,0,1,0,,,,,,,,,,,,
rf_slider_link,-0.0138798258009711,-1.7630856294637E-06,1.41436010220319E-06,0,0,0,0.000489121716234798,4.37013924272089E-09,7.98341349100753E-12,-1.00637162967002E-11,3.84591429779013E-08,-2.39260015530946E-14,3.92771122673803E-08,0,0,0,0,0,0,package://rohand_gen2_urdf_ros2/meshes_l/rf_slider_link.STL,0.792156862745098,0.819607843137255,0.933333333333333,1,0,0,0,0,0,0,package://rohand_gen2_urdf_ros2/meshes_l/rf_slider_link.STL,,ROHand-AP-LEFT-for wanghang.STEP-1/六轴力控灵巧手-食指无名指组件-V2_丝杆最大行程.STEP-1/四指齿轮箱电机组件_丝杆最大行程-1.STEP-1/0004^_9090610001_ASM__0001_ASM_R-241127(2)_R-241127.STEP-1,rf_slider_joint,rf_slider_axis,rf_slider_link,prismatic,-0.074491,-0.0072514,-0.0062279,0,-9.51E-05,0.056583,base_link,1,0,0,0,0,0,0.019,,,,,,,,
rf_slider_abpart_link,-0.0105346161828967,-0.0034991714039278,-0.000616604082522784,0,0,0,0.000420484347510521,1.7743695373506E-09,-6.61128484560698E-16,-7.4264758660374E-10,5.75818415756346E-09,9.7586839459254E-16,6.20770251900989E-09,0,0,0,0,0,0,package://rohand_gen2_urdf_ros2/meshes_l/rf_slider_abpart_link.STL,1,1,1,1,0,0,0,0,0,0,package://rohand_gen2_urdf_ros2/meshes_l/rf_slider_abpart_link.STL,,12-2/_X2_7535673a8fde67468f6c8f74_X0_-1;12-2/_6-R-231011--726080001^_20001_ASM__9090610001_ASM__0001_ASM_R-241127(2)_R-241127-1;12-2/_X2_82b1952e8f74_X0_-1;12-2/_STEP0001^_9090610001_ASM__0001_ASM_R-241127(2)_R-241127-1;12-2/_X2_56db63078fde63a54ef6_X0_A-1,rf_slider_abpart_joint,rf_slider_abpart_axis,rf_slider_abpart_link,continuous,-0.029,0.0034992,0,-7.4035E-05,9.9598E-05,0,rf_slider_link,0,1,0,,,,,,,,,,,,
rf_proximal_link,-0.0174979508864504,-0.00710049013135008,-0.00226277263902305,0,0,0,0.00193520497103009,1.0376023209322E-07,-1.1368612880424E-11,1.17683465238561E-08,2.32563708976524E-07,-1.57696849032522E-12,2.36453950760326E-07,0,0,0,0,0,0,package://rohand_gen2_urdf_ros2/meshes_l/rf_proximal_link.STL,0.792156862745098,0.819607843137255,0.933333333333333,1,0,0,0,0,0,0,package://rohand_gen2_urdf_ros2/meshes_l/rf_proximal_link.STL,,ROHand-AP-LEFT-for wanghang.STEP-1/六轴力控灵巧手-食指无名指组件-V2_丝杆最大行程.STEP-1/食指无名指组件_无名指.STEP-1/1.0302.0000021 食指中段.STEP-1,rf_proximal_joint,rf_proximal_axis,rf_proximal_link,continuous,-0.11363,-0.0023572,0.0023678,-7.9422E-05,0,0.056583,base_link,0,1,0,,,,,,,,,,,,
rf_distal_link,-0.0216092529376596,-0.00711576465854113,-0.00727779172773769,0,0,0,0.00606025074073705,2.74441581152407E-07,-6.40779910908579E-10,-3.5457449251434E-07,1.1477310762233E-06,-9.97795177845929E-11,1.02735601486271E-06,0,0,0,0,0,0,package://rohand_gen2_urdf_ros2/meshes_l/rf_distal_link.STL,0.792156862745098,0.819607843137255,0.933333333333333,1,0,0,0,0,0,0,package://rohand_gen2_urdf_ros2/meshes_l/rf_distal_link.STL,,ROHand-AP-LEFT-for wanghang.STEP-1/六轴力控灵巧手-食指无名指组件-V2_丝杆最大行程.STEP-1/食指无名指组件_无名指.STEP-1/1.0301.0000035 销轴.STEP-1;ROHand-AP-LEFT-for wanghang.STEP-1/六轴力控灵巧手-食指无名指组件-V2_丝杆最大行程.STEP-1/食指无名指组件_无名指.STEP-1/1.0306.0000006 C型卡簧.STEP-2;ROHand-AP-LEFT-for wanghang.STEP-1/六轴力控灵巧手-食指无名指组件-V2_丝杆最大行程.STEP-1/食指无名指组件_无名指.STEP-1/1.0301.0000034 销轴.STEP-2;ROHand-AP-LEFT-for wanghang.STEP-1/六轴力控灵巧手-食指无名指组件-V2_丝杆最大行程.STEP-1/食指无名指组件_无名指.STEP-1/1.0301.0000014 轴套.STEP-10;ROHand-AP-LEFT-for wanghang.STEP-1/六轴力控灵巧手-食指无名指组件-V2_丝杆最大行程.STEP-1/食指无名指组件_无名指.STEP-1/1.0301.0000014 轴套.STEP-9;ROHand-AP-LEFT-for wanghang.STEP-1/六轴力控灵巧手-食指无名指组件-V2_丝杆最大行程.STEP-1/食指无名指组件_无名指.STEP-1/1.0306.0000006 C型卡簧.STEP-4;ROHand-AP-LEFT-for wanghang.STEP-1/六轴力控灵巧手-食指无名指组件-V2_丝杆最大行程.STEP-1/食指无名指组件_无名指.STEP-1/食指无名指中指指尖组件-V2.STEP-1/食指指尖-底座-V2-20250313-2.STEP-1;ROHand-AP-LEFT-for wanghang.STEP-1/六轴力控灵巧手-食指无名指组件-V2_丝杆最大行程.STEP-1/食指无名指组件_无名指.STEP-1/食指无名指中指指尖组件-V2.STEP-1/中指硅胶套-无指甲.STEP-1;ROHand-AP-LEFT-for wanghang.STEP-1/六轴力控灵巧手-食指无名指组件-V2_丝杆最大行程.STEP-1/食指无名指组件_无名指.STEP-1/食指无名指中指指尖组件-V2.STEP-1/1.0401.0000032 食指指尖上盖.STEP-1,rf_distal_joint,rf_distal_axis,rf_distal_link,continuous,-0.035824,0,-0.0026256,0,0,0,rf_proximal_link,0,1,0,,,,,,,,,,,,
rf_connecting_link,-0.0150442736302722,-0.00440000674510205,-0.00778333243154511,0,0,0,0.000200341201168546,5.0826943515327E-09,2.23047888569839E-22,-1.00385259556707E-08,2.67058367602199E-08,9.08104059425163E-22,2.1644512136812E-08,0,0,0,0,0,0,package://rohand_gen2_urdf_ros2/meshes_l/rf_connecting_link.STL,0.792156862745098,0.819607843137255,0.933333333333333,1,0,0,0,0,0,0,package://rohand_gen2_urdf_ros2/meshes_l/rf_connecting_link.STL,,ROHand-AP-LEFT-for wanghang.STEP-1/六轴力控灵巧手-食指无名指组件-V2_丝杆最大行程.STEP-1/食指无名指组件_无名指.STEP-1/1.0306.0000009 食指连杆.STEP-1;ROHand-AP-LEFT-for wanghang.STEP-1/六轴力控灵巧手-食指无名指组件-V2_丝杆最大行程.STEP-1/食指无名指组件_无名指.STEP-1/1.0306.0000009 食指连杆.STEP-2,rf_connecting_joint,rf_connecting_axis,rf_connecting_link,continuous,-0.12089,-0.0054721,0.0067674,-7.9422E-05,0,0.056583,base_link,0,1,0,,,,,,,,,,,,
lf_slider_link,-0.0138798068165006,-1.85254072257446E-06,1.26050045467369E-06,0,0,0,0.00048912103124811,4.37013150544609E-09,9.05564429262533E-12,-9.28329150450517E-12,3.84652401870241E-08,-7.11168129144E-11,3.92707496534642E-08,0,0,0,0,0,0,package://rohand_gen2_urdf_ros2/meshes_l/lf_slider_link.STL,0.792156862745098,0.819607843137255,0.933333333333333,1,0,0,0,0,0,0,package://rohand_gen2_urdf_ros2/meshes_l/lf_slider_link.STL,,ROHand-AP-LEFT-for wanghang.STEP-1/六轴力控灵巧手-小指组件-V2_丝杆最大行程.STEP-1/四指齿轮箱电机组件_丝杆最大行程.STEP-1/0004^_9090610001_ASM__0001_ASM_R-241127(2)_R-241127.STEP-1,lf_slider_joint,lf_slider_axis,lf_slider_link,prismatic,-0.070738,-0.024172,-0.0087474,-1.1295E-05,-9.4916E-05,0.11844,base_link,1,0,0,0,0,0,0.019,,,,,,,,
lf_slider_abpart_link,-0.0105336696920708,-0.00349998175696256,-0.000638311411829177,0,0,0,0.000420507370337398,1.77754956303901E-09,2.25303455182354E-14,-7.51740050800551E-10,5.75823858697269E-09,-5.19212425720909E-15,6.20478922060532E-09,0,0,0,0,0,0,package://rohand_gen2_urdf_ros2/meshes_l/lf_slider_abpart_link.STL,0.792156862745098,0.819607843137255,0.933333333333333,1,0,0,0,0,0,0,package://rohand_gen2_urdf_ros2/meshes_l/lf_slider_abpart_link.STL,,ROHand-AP-LEFT-for wanghang.STEP-1/六轴力控灵巧手-小指组件-V2_丝杆最大行程.STEP-1/四指齿轮箱电机组件_丝杆最大行程.STEP-1/_20001_ASM^_9090610001_ASM__0001_ASM_R-241127(2)_R-241127.STEP-1/_6-R-231011--726080001^_20001_ASM__9090610001_ASM__0001_ASM_R-241127(2)_R-241127.STEP-1;ROHand-AP-LEFT-for wanghang.STEP-1/六轴力控灵巧手-小指组件-V2_丝杆最大行程.STEP-1/四指齿轮箱电机组件_丝杆最大行程.STEP-1/_20001_ASM^_9090610001_ASM__0001_ASM_R-241127(2)_R-241127.STEP-1/电机连杆转轴.STEP-1;ROHand-AP-LEFT-for wanghang.STEP-1/六轴力控灵巧手-小指组件-V2_丝杆最大行程.STEP-1/四指齿轮箱电机组件_丝杆最大行程.STEP-1/0003_ASM^_9090610001_ASM__0001_ASM_R-241127(2)_R-241127.STEP-1/四指连接件A.STEP-1;ROHand-AP-LEFT-for wanghang.STEP-1/六轴力控灵巧手-小指组件-V2_丝杆最大行程.STEP-1/四指齿轮箱电机组件_丝杆最大行程.STEP-1/0003_ASM^_9090610001_ASM__0001_ASM_R-241127(2)_R-241127.STEP-1/花键轴.STEP-1;ROHand-AP-LEFT-for wanghang.STEP-1/六轴力控灵巧手-小指组件-V2_丝杆最大行程.STEP-1/四指齿轮箱电机组件_丝杆最大行程.STEP-1/_STEP0001^_9090610001_ASM__0001_ASM_R-241127(2)_R-241127.STEP-1,lf_slider_abpart_joint,lf_slider_abpart_axis,lf_slider_abpart_link,continuous,-0.029,0.0034858,0.00030556,0.087277,-0.010237,-0.0008957,lf_slider_link,0,1,0,,,,,,,,,,,,
lf_proximal_link,-0.0157992124712836,-0.00709938848171213,-0.00218594586460848,0,0,0,0.00177911361510511,9.43847455168695E-08,2.11914214317114E-12,3.98041900431446E-09,1.765512506167E-07,-3.47889342713738E-12,1.82140773801916E-07,0,0,0,0,0,0,package://rohand_gen2_urdf_ros2/meshes_l/lf_proximal_link.STL,0.792156862745098,0.819607843137255,0.933333333333333,1,0,0,0,0,0,0,package://rohand_gen2_urdf_ros2/meshes_l/lf_proximal_link.STL,,ROHand-AP-LEFT-for wanghang.STEP-1/六轴力控灵巧手-小指组件-V2_丝杆最大行程.STEP-1/力控灵巧手-小指组件_正常.STEP-1/1.0302.0000024 小指中段.STEP-1,lf_proximal_joint,lf_proximal_axis,lf_proximal_link,continuous,-0.11021,-0.022502,0.0004348,0.087265,-0.010332,0.11755,base_link,0,1,0,,,,,,,,,,,,
lf_distal_link,-0.014792352133053,-0.00711194111579797,-0.00576926656969271,0,0,0,0.00364905952774006,1.16405281165586E-07,-1.0930283880972E-10,-1.05538072627637E-07,3.22371236250377E-07,-2.53838436165125E-11,2.9014250264879E-07,0,0,0,0,0,0,package://rohand_gen2_urdf_ros2/meshes_l/lf_distal_link.STL,0.792156862745098,0.819607843137255,0.933333333333333,1,0,0,0,0,0,0,package://rohand_gen2_urdf_ros2/meshes_l/lf_distal_link.STL,,ROHand-AP-LEFT-for wanghang.STEP-1/六轴力控灵巧手-小指组件-V2_丝杆最大行程.STEP-1/力控灵巧手-小指组件_正常.STEP-1/小拇指-指尖组件-V2.STEP-1/1.0404.0000006 小指硅胶套.STEP-1;ROHand-AP-LEFT-for wanghang.STEP-1/六轴力控灵巧手-小指组件-V2_丝杆最大行程.STEP-1/力控灵巧手-小指组件_正常.STEP-1/1.0301.0000034 销轴.STEP-1;ROHand-AP-LEFT-for wanghang.STEP-1/六轴力控灵巧手-小指组件-V2_丝杆最大行程.STEP-1/力控灵巧手-小指组件_正常.STEP-1/1.0301.0000035 销轴.STEP-2;ROHand-AP-LEFT-for wanghang.STEP-1/六轴力控灵巧手-小指组件-V2_丝杆最大行程.STEP-1/力控灵巧手-小指组件_正常.STEP-1/1.0306.0000006 C型卡簧.STEP-2;ROHand-AP-LEFT-for wanghang.STEP-1/六轴力控灵巧手-小指组件-V2_丝杆最大行程.STEP-1/力控灵巧手-小指组件_正常.STEP-1/1.0306.0000006 C型卡簧.STEP-1;ROHand-AP-LEFT-for wanghang.STEP-1/六轴力控灵巧手-小指组件-V2_丝杆最大行程.STEP-1/力控灵巧手-小指组件_正常.STEP-1/1.0301.0000014 轴套.STEP-2;ROHand-AP-LEFT-for wanghang.STEP-1/六轴力控灵巧手-小指组件-V2_丝杆最大行程.STEP-1/力控灵巧手-小指组件_正常.STEP-1/1.0301.0000014 轴套.STEP-11;ROHand-AP-LEFT-for wanghang.STEP-1/六轴力控灵巧手-小指组件-V2_丝杆最大行程.STEP-1/力控灵巧手-小指组件_正常.STEP-1/小拇指-指尖组件-V2.STEP-1/1.0401.0000033 小指指尖上盖.STEP-1;ROHand-AP-LEFT-for wanghang.STEP-1/六轴力控灵巧手-小指组件-V2_丝杆最大行程.STEP-1/力控灵巧手-小指组件_正常.STEP-1/小拇指-指尖组件-V2.STEP-1/1.0302.0000025 小指指尖底座.STEP-1,lf_distal_joint,lf_distal_axis,lf_distal_link,continuous,-0.03178,0,-0.0031085,0,0,0,lf_proximal_link,0,1,0,,,,,,,,,,,,
lf_connecting_link,-0.0134290613154075,-0.0044000864327523,-0.0072173089037906,0,0,0,0.000176992753343061,4.55971472140014E-09,-5.2063910976824E-23,-7.95367282498553E-09,1.94958291708418E-08,-9.45053849841834E-23,1.49549936764649E-08,0,0,0,0,0,0,package://rohand_gen2_urdf_ros2/meshes_l/lf_connecting_link.STL,0.792156862745098,0.819607843137255,0.933333333333333,1,0,0,0,0,0,0,package://rohand_gen2_urdf_ros2/meshes_l/lf_connecting_link.STL,,ROHand-AP-LEFT-for wanghang.STEP-1/六轴力控灵巧手-小指组件-V2_丝杆最大行程.STEP-1/力控灵巧手-小指组件_正常.STEP-1/1.0306.0000007 小指连杆.STEP-1;ROHand-AP-LEFT-for wanghang.STEP-1/六轴力控灵巧手-小指组件-V2_丝杆最大行程.STEP-1/力控灵巧手-小指组件_正常.STEP-1/1.0306.0000007 小指连杆.STEP-2,lf_connecting_joint,lf_connecting_axis,lf_connecting_link,continuous,-0.11722,-0.02643,0.0045821,0.087265,-0.010332,0.11755,base_link,0,1,0,,,,,,,,,,,,
th_root_link,-0.0191622399793213,0.00595074380964034,-0.00194553122846729,0,0,0,0.00219012478679673,1.85863297233334E-07,8.44488625640815E-08,-7.43973909695847E-09,2.00161108988447E-07,1.02685220338149E-08,2.31189836973949E-07,0,0,0,0,0,0,package://rohand_gen2_urdf_ros2/meshes_l/th_root_link.STL,0.792156862745098,0.819607843137255,0.933333333333333,1,0,0,0,0,0,0,package://rohand_gen2_urdf_ros2/meshes_l/th_root_link.STL,,ROHand-AP-LEFT-for wanghang.STEP-1/方案四-左手大拇指组件_张开.STEP-1/大拇指电机箱.STEP-1/大拇指旋转件-六电机左.STEP-1,th_root_joint,th_root_axis,th_root_link,revolute,-0.025192,0.019558,-0.022233,0.0028708,-0.21841,-0.013249,base_link,-1,0,0,0,0,0,1.57,,,,,,,,
th_proximal_link,-0.0192347391372184,0.0121170679670023,0.00894555366415514,0,0,0,0.00544482144605495,6.87367810540996E-07,6.84841509366104E-07,5.96242841042312E-10,1.61931504318991E-06,-4.13444178095852E-10,2.1994454397351E-06,0,0,0,0,0,0,package://rohand_gen2_urdf_ros2/meshes_l/th_proximal_link.STL,0.792156862745098,0.819607843137255,0.933333333333333,1,0,0,0,0,0,0,package://rohand_gen2_urdf_ros2/meshes_l/th_proximal_link.STL,,ROHand-AP-LEFT-for wanghang.STEP-1/方案四-左手大拇指组件_张开.STEP-1/大拇指弯曲部分组件_张开.STEP-1/大拇指中段组件_张开.STEP-1/1.0302.0000027 大拇指外壳A.STEP-1;ROHand-AP-LEFT-for wanghang.STEP-1/方案四-左手大拇指组件_张开.STEP-1/大拇指弯曲部分组件_张开.STEP-1/大拇指中段组件_张开.STEP-1/1.0302.0000028 大拇指外壳B.STEP-1,th_proximal_joint,th_proximal_axis,th_proximal_link,continuous,-0.028155,0.021344,-0.011022,0.032033,-0.00041454,0.012934,th_root_link,0,0,-1,,,,,,,,,,,,
th_slider_link,0.0101621251236571,-0.0012655961330878,5.17607787882332E-05,0,0,0,0.00096692626401777,2.47243327370719E-08,-1.4622472700325E-09,5.97173083984643E-11,7.8541343112514E-08,-7.4277598975741E-10,6.04989680057413E-08,0,0,0,0,0,0,package://rohand_gen2_urdf_ros2/meshes_l/th_slider_link.STL,0.792156862745098,0.819607843137255,0.933333333333333,1,0,0,0,0,0,0,package://rohand_gen2_urdf_ros2/meshes_l/th_slider_link.STL,,ROHand-AP-LEFT-for wanghang.STEP-1/方案四-左手大拇指组件_张开.STEP-1/大拇指弯曲部分组件_张开.STEP-1/0023^0019_ASM__0001_ASM_R-241127(2)_R-241127.STEP-1;ROHand-AP-LEFT-for wanghang.STEP-1/方案四-左手大拇指组件_张开.STEP-1/大拇指弯曲部分组件_张开.STEP-1/0021^0019_ASM__0001_ASM_R-241127(2)_R-241127.STEP-1,th_slider_joint,th_slider_axis,th_slider_link,prismatic,-0.0038117,0.0056317,0.00895,-3.1005,0,2.4643,th_proximal_link,1,0,0,0,0,0,0.01,,,,,,,,
th_connecting_link,0.00413462447739064,0.00236786600962768,-0.00403967505861522,0,0,0,0.000337394683077766,2.88091081371191E-09,-1.3743817786895E-09,1.96126283402737E-14,5.03160357084915E-09,-4.9896915156034E-15,5.0799913183601E-09,0,0,0,0,0,0,package://rohand_gen2_urdf_ros2/meshes_l/th_connecting_link.STL,0.792156862745098,0.819607843137255,0.933333333333333,1,0,0,0,0,0,0,package://rohand_gen2_urdf_ros2/meshes_l/th_connecting_link.STL,,ROHand-AP-LEFT-for wanghang.STEP-1/方案四-左手大拇指组件_张开.STEP-1/大拇指弯曲部分组件_张开.STEP-1/0020^0019_ASM__0001_ASM_R-241127(2)_R-241127.STEP-1;ROHand-AP-LEFT-for wanghang.STEP-1/方案四-左手大拇指组件_张开.STEP-1/大拇指弯曲部分组件_张开.STEP-1/00-1^0019_ASM__0001_ASM_R-241127(2)_R-241127.STEP-1;ROHand-AP-LEFT-for wanghang.STEP-1/方案四-左手大拇指组件_张开.STEP-1/大拇指弯曲部分组件_张开.STEP-1/00-1^0019_ASM__0001_ASM_R-241127(2)_R-241127.STEP-8;ROHand-AP-LEFT-for wanghang.STEP-1/方案四-左手大拇指组件_张开.STEP-1/大拇指弯曲部分组件_张开.STEP-1/1.0306.0000006 C型卡簧.STEP-3;ROHand-AP-LEFT-for wanghang.STEP-1/方案四-左手大拇指组件_张开.STEP-1/大拇指弯曲部分组件_张开.STEP-1/销轴2.4x7.5.STEP-1,th_connecting_joint,th_connecting_axis,th_connecting_link,continuous,0.0333,0.0003242,0.00399,-0.032033,-0.02575,-0.67687,th_slider_link,0,0,1,,,,,,,,,,,,
th_distal_link,0.00342833391243533,0.0104884707396525,-0.00696970588984302,0,0,0,0.00398421921008986,2.1176714290296E-07,-3.63382572920753E-08,-5.79449501160711E-12,2.30043683188489E-07,1.08342174820893E-11,2.14387495065774E-07,0,0,0,0,0,0,package://rohand_gen2_urdf_ros2/meshes_l/th_distal_link.STL,0.792156862745098,0.819607843137255,0.933333333333333,1,0,0,0,0,0,0,package://rohand_gen2_urdf_ros2/meshes_l/th_distal_link.STL,,ROHand-AP-LEFT-for wanghang.STEP-1/方案四-左手大拇指组件_张开.STEP-1/大拇指弯曲部分组件_张开.STEP-1/00-1^0019_ASM__0001_ASM_R-241127(2)_R-241127.STEP-4;ROHand-AP-LEFT-for wanghang.STEP-1/方案四-左手大拇指组件_张开.STEP-1/大拇指弯曲部分组件_张开.STEP-1/1.0301.0000034 销轴.STEP-2;ROHand-AP-LEFT-for wanghang.STEP-1/方案四-左手大拇指组件_张开.STEP-1/大拇指弯曲部分组件_张开.STEP-1/1.0306.0000006 C型卡簧.STEP-2;ROHand-AP-LEFT-for wanghang.STEP-1/方案四-左手大拇指组件_张开.STEP-1/大拇指弯曲部分组件_张开.STEP-1/1.0306.0000006 C型卡簧.STEP-1;ROHand-AP-LEFT-for wanghang.STEP-1/方案四-左手大拇指组件_张开.STEP-1/大拇指弯曲部分组件_张开.STEP-1/00-1^0019_ASM__0001_ASM_R-241127(2)_R-241127.STEP-7;ROHand-AP-LEFT-for wanghang.STEP-1/方案四-左手大拇指组件_张开.STEP-1/大拇指弯曲部分组件_张开.STEP-1/00-1^0019_ASM__0001_ASM_R-241127(2)_R-241127.STEP-2;ROHand-AP-LEFT-for wanghang.STEP-1/方案四-左手大拇指组件_张开.STEP-1/大拇指弯曲部分组件_张开.STEP-1/1.0301.0000034 销轴.STEP-1;ROHand-AP-LEFT-for wanghang.STEP-1/方案四-左手大拇指组件_张开.STEP-1/大拇指弯曲部分组件_张开.STEP-1/大拇指指尖组件-20250319.STEP-1/1.0404.0000071 大拇指硅胶套.STEP-1;ROHand-AP-LEFT-for wanghang.STEP-1/方案四-左手大拇指组件_张开.STEP-1/大拇指弯曲部分组件_张开.STEP-1/大拇指指尖组件-20250319.STEP-1/1.0302.0000026 大拇指指尖底座.STEP-1;ROHand-AP-LEFT-for wanghang.STEP-1/方案四-左手大拇指组件_张开.STEP-1/大拇指弯曲部分组件_张开.STEP-1/大拇指指尖组件-20250319.STEP-1/1.0401.0000034 大拇指指尖上盖.STEP-1,th_distal_joint,th_distal_axis,th_distal_link,continuous,-0.046968,0.023498,0.002,3.1416,0,3.1416,th_proximal_link,0,0,1,,,,,,,,,,,,
